-- -------------------------------------------------------------
-- TablePlus 2.10(268)
--
-- https://tableplus.com/
--
-- Database: skapdam
-- Generation Time: 2020-07-07 15:53:35.2350
-- -------------------------------------------------------------


/*!40101 SET @OLD_CHARACTER_SET_CLIENT=@@CHARACTER_SET_CLIENT */;
/*!40101 SET @OLD_CHARACTER_SET_RESULTS=@@CHARACTER_SET_RESULTS */;
/*!40101 SET @OLD_COLLATION_CONNECTION=@@COLLATION_CONNECTION */;
/*!40101 SET NAMES utf8mb4 */;
/*!40103 SET @OLD_TIME_ZONE=@@TIME_ZONE */;
/*!40103 SET TIME_ZONE='+00:00' */;
/*!40014 SET @OLD_UNIQUE_CHECKS=@@UNIQUE_CHECKS, UNIQUE_CHECKS=0 */;
/*!40014 SET @OLD_FOREIGN_KEY_CHECKS=@@FOREIGN_KEY_CHECKS, FOREIGN_KEY_CHECKS=0 */;
/*!40101 SET @OLD_SQL_MODE=@@SQL_MODE, SQL_MODE='NO_AUTO_VALUE_ON_ZERO' */;
/*!40111 SET @OLD_SQL_NOTES=@@SQL_NOTES, SQL_NOTES=0 */;


DROP TABLE IF EXISTS `asset`;
CREATE TABLE `asset` (
  `id` int(11) NOT NULL AUTO_INCREMENT,
  `asset_name` varchar(100) NOT NULL,
  `asset_desc` text,
  `asset_bln_perol` int(2) NOT NULL,
  `asset_th_perol` int(4) NOT NULL,
  `asset_harga_perol` int(11) NOT NULL,
  `asset_bln_aktv` int(2) DEFAULT NULL,
  `asset_th_aktv` int(4) DEFAULT NULL,
  `fk_assetgrp_id` int(11) DEFAULT NULL,
  `asset_isactive` int(2) DEFAULT '1',
  `is_depreciate` tinyint(1) DEFAULT '0',
  `akm_penyusutan` decimal(15,2) DEFAULT NULL,
  `nilai_buku` decimal(15,2) DEFAULT NULL,
  `tarif` decimal(15,2) DEFAULT NULL,
  `penyusutan` decimal(15,2) DEFAULT NULL,
  `nilai` enum('NP','NB') NOT NULL,
  PRIMARY KEY (`id`)
) ENGINE=InnoDB AUTO_INCREMENT=9 DEFAULT CHARSET=latin1;

DROP TABLE IF EXISTS `asset_deprec`;
CREATE TABLE `asset_deprec` (
  `id` int(11) NOT NULL AUTO_INCREMENT,
  `bulan` int(2) DEFAULT NULL,
  `tahun` int(2) DEFAULT NULL,
  `doc_no` varchar(255) DEFAULT NULL,
  `time_create` date DEFAULT NULL,
  PRIMARY KEY (`id`)
) ENGINE=InnoDB AUTO_INCREMENT=44 DEFAULT CHARSET=latin1;

DROP TABLE IF EXISTS `asset_deprecline`;
CREATE TABLE `asset_deprecline` (
  `id` int(11) NOT NULL AUTO_INCREMENT,
  `asset_deprec_id` int(11) DEFAULT NULL,
  `akm_penyusutan` decimal(15,2) DEFAULT NULL,
  `penyusutan` decimal(15,2) DEFAULT NULL,
  `asset_harga_perol` decimal(15,2) DEFAULT NULL,
  `nilai_buku` decimal(15,2) DEFAULT NULL,
  `asset_id` int(11) DEFAULT NULL,
  PRIMARY KEY (`id`)
) ENGINE=InnoDB AUTO_INCREMENT=250 DEFAULT CHARSET=latin1;

DROP TABLE IF EXISTS `asset_golongan`;
CREATE TABLE `asset_golongan` (
  `id` int(11) NOT NULL AUTO_INCREMENT,
  `nama` varchar(50) NOT NULL,
  `tahun_penyusutan` varchar(50) NOT NULL,
  `tarif` decimal(10,1) NOT NULL,
  `nilai` enum('NP','NB') DEFAULT NULL,
  PRIMARY KEY (`id`)
) ENGINE=InnoDB AUTO_INCREMENT=6 DEFAULT CHARSET=latin1;

DROP TABLE IF EXISTS `assetgrp`;
CREATE TABLE `assetgrp` (
  `id` int(11) NOT NULL AUTO_INCREMENT,
  `assetgrp_name` varchar(50) NOT NULL,
  `assetgrp_desc` text,
  `assetgrp_isactive` tinyint(1) DEFAULT '1',
  `assetgrp_depre` tinyint(1) NOT NULL DEFAULT '1',
  `assetgrp_tarif` double NOT NULL,
  `assetgrp_nilai` varchar(255) NOT NULL,
  PRIMARY KEY (`id`)
) ENGINE=InnoDB AUTO_INCREMENT=9 DEFAULT CHARSET=latin1;

DROP TABLE IF EXISTS `assetgrp_act`;
CREATE TABLE `assetgrp_act` (
  `id` int(11) NOT NULL AUTO_INCREMENT,
  `fk_assetgrp_id` int(11) NOT NULL,
  `fk_kodeper_aset` int(11) DEFAULT NULL,
  `fk_kodeper_biaya` int(11) DEFAULT NULL,
  `fk_kodeper_akum` int(11) DEFAULT NULL,
  `fk_kodeper_hapus` int(11) DEFAULT NULL,
  PRIMARY KEY (`id`),
  KEY `fk_assetgrp_id` (`fk_assetgrp_id`),
  KEY `fk_kodeper_aset` (`fk_kodeper_aset`),
  KEY `fk_kodeper_biaya` (`fk_kodeper_biaya`),
  KEY `fk_kodeper_akum` (`fk_kodeper_akum`),
  KEY `fk_kodeper_hapus` (`fk_kodeper_hapus`),
  CONSTRAINT `assetgrp_act_ibfk_1` FOREIGN KEY (`fk_assetgrp_id`) REFERENCES `assetgrp` (`id`),
  CONSTRAINT `assetgrp_act_ibfk_2` FOREIGN KEY (`fk_kodeper_aset`) REFERENCES `kodeperkiraan` (`ID`),
  CONSTRAINT `assetgrp_act_ibfk_3` FOREIGN KEY (`fk_kodeper_biaya`) REFERENCES `kodeperkiraan` (`ID`),
  CONSTRAINT `assetgrp_act_ibfk_4` FOREIGN KEY (`fk_kodeper_akum`) REFERENCES `kodeperkiraan` (`ID`),
  CONSTRAINT `assetgrp_act_ibfk_5` FOREIGN KEY (`fk_kodeper_hapus`) REFERENCES `kodeperkiraan` (`ID`)
) ENGINE=InnoDB AUTO_INCREMENT=18 DEFAULT CHARSET=latin1;

INSERT INTO `asset` (`id`, `asset_name`, `asset_desc`, `asset_bln_perol`, `asset_th_perol`, `asset_harga_perol`, `asset_bln_aktv`, `asset_th_aktv`, `fk_assetgrp_id`, `asset_isactive`, `is_depreciate`, `akm_penyusutan`, `nilai_buku`, `tarif`, `penyusutan`, `nilai`) VALUES ('1', 'Kend. Grand Max Blan ACC 1300CC ', 'Kend. Grand Max Blan ACC 1300CC u/ srn kerja Unit Reaksi Cepat', '8', '2017', '122150000', '8', '2017', '7', '1', '1', '68291870.12', '53858129.88', '25.00', '1282336.43', 'NB'),
('2', 'Lampu rotari plasma led', 'Lampu rotari plasma led u/ dipasang di Kend. Grand Max', '8', '2017', '6050000', '8', '2017', '7', '1', '1', '3382446.29', '2667553.71', '25.00', '63513.18', 'NB'),
('3', 'Deepwell Submersible (Pump) Vansan', 'Pembl. 1 Unit Deepwell Submersible (Pump) Vansan u/ mengganti pompa di Tuk Pecah', '1', '2018', '460680000', '1', '2018', '6', '1', '1', '130016132.81', '330663867.19', '12.50', '3674042.97', 'NB'),
('4', 'SUMBER AIR WULUNG BJRJ KLAK', 'SUMBER AIR WULUNG BJRJ KLAK', '1', '2018', '34559846', '1', '2018', '4', '1', '0', '0.00', '34559846.00', '0.00', '0.00', 'NB'),
('5', 'Nozomi New Azabu WC 150cc', '1 Unit Kend. Roda 3 Nozomi New Azabu WC 150cc u/ operasional Subbag. Produksi & Laborat', '9', '2018', '26000000', '9', '2018', '8', '1', '1', '17875000.00', '8125000.00', '50.00', '451388.89', 'NB'),
('6', 'BAK PELEPAS TEKAN KIRINGAN', 'BAK PELEPAS TEKAN KIRINGAN', '1', '2019', '129550', '1', '2019', '4', '1', '0', '0.00', '129550.00', '0.00', '0.00', 'NB'),
('7', 'Pembuatan Tangga Beton di Reservoir Bandongan', 'Pembuatan Tangga Beton di Reservoir Bandongan', '1', '2019', '28448000', '1', '2019', '5', '1', '1', '2133600.00', '26314400.00', '5.00', '118533.33', 'NP'),
('8', 'Rehab Angker Block di Sumber Tuk Pecah', 'Rehab Angker Block di Sumber Tuk Pecah', '6', '2019', '52517000', '6', '2019', '5', '1', '1', '2844670.83', '49672329.17', '5.00', '218820.83', 'NP');

INSERT INTO `asset_deprec` (`id`, `bulan`, `tahun`, `doc_no`, `time_create`) VALUES ('1', '8', '2017', 'DOC20178', NULL),
('2', '9', '2017', 'DOC20179', NULL),
('3', '10', '2017', 'DOC201710', NULL),
('4', '11', '2017', 'DOC201711', NULL),
('5', '12', '2017', 'DOC201712', NULL),
('6', '1', '2018', 'DOC20181', NULL),
('7', '2', '2018', 'DOC20182', NULL),
('8', '3', '2018', 'DOC20183', NULL),
('9', '4', '2018', 'DOC20184', NULL),
('10', '5', '2018', 'DOC20185', NULL),
('11', '6', '2018', 'DOC20186', NULL),
('12', '7', '2018', 'DOC20187', NULL),
('13', '8', '2018', 'DOC20188', NULL),
('14', '9', '2018', 'DOC20189', NULL),
('15', '10', '2018', 'DOC201810', NULL),
('16', '11', '2018', 'DOC201811', NULL),
('17', '12', '2018', 'DOC201812', NULL),
('18', '1', '2019', 'DOC20191', NULL),
('19', '2', '2019', 'DOC20192', NULL),
('20', '3', '2019', 'DOC20193', NULL),
('21', '4', '2019', 'DOC20194', NULL),
('22', '5', '2019', 'DOC20195', NULL),
('23', '6', '2019', 'DOC20196', NULL),
('24', '7', '2019', 'DOC20197', NULL),
('25', '8', '2019', 'DOC20198', NULL),
('26', '9', '2019', 'DOC20199', NULL),
('27', '10', '2019', 'DOC201910', NULL),
('28', '11', '2019', 'DOC201911', NULL),
('29', '12', '2019', 'DOC201912', NULL),
('30', '1', '2020', 'DOC20201', NULL),
('31', '2', '2020', 'DOC20202', NULL),
('32', '3', '2020', 'DOC20203', NULL),
('33', '4', '2020', 'DOC20204', NULL),
('34', '5', '2020', 'DOC20205', NULL),
('35', '6', '2020', 'DOC20206', NULL);

INSERT INTO `asset_deprecline` (`id`, `asset_deprec_id`, `akm_penyusutan`, `penyusutan`, `asset_harga_perol`, `nilai_buku`, `asset_id`) VALUES ('1', '1', '2544792.00', '2544792.00', '122150000.00', '119605208.00', '1'),
('2', '1', '126042.00', '126042.00', '6050000.00', '5923958.00', '2'),
('3', '2', '5089583.00', '2544792.00', '122150000.00', '117060417.00', '1'),
('4', '2', '252083.00', '126042.00', '6050000.00', '5797917.00', '2'),
('5', '3', '7634375.00', '2544792.00', '122150000.00', '114515625.00', '1'),
('6', '3', '378125.00', '126042.00', '6050000.00', '5671875.00', '2'),
('7', '4', '10179167.00', '2544792.00', '122150000.00', '111970833.00', '1'),
('8', '4', '504167.00', '126042.00', '6050000.00', '5545833.00', '2'),
('9', '5', '12723958.00', '2544792.00', '122150000.00', '109426042.00', '1'),
('10', '5', '630208.00', '126042.00', '6050000.00', '5419792.00', '2'),
('11', '6', '15003668.00', '2279709.00', '122150000.00', '107146332.00', '1'),
('12', '6', '743121.00', '112912.00', '6050000.00', '5306879.00', '2'),
('13', '6', '4798750.00', '4798750.00', '460680000.00', '455881250.00', '3'),
('14', '6', '0.00', '0.00', '34559846.00', '34559846.00', '4'),
('15', '7', '17283377.00', '2279709.00', '122150000.00', '104866623.00', '1'),
('16', '7', '856033.00', '112912.00', '6050000.00', '5193967.00', '2'),
('17', '7', '9597500.00', '4798750.00', '460680000.00', '451082500.00', '3'),
('18', '7', '0.00', '0.00', '34559846.00', '34559846.00', '4'),
('19', '8', '19563086.00', '2279709.00', '122150000.00', '102586914.00', '1'),
('20', '8', '968945.00', '112912.00', '6050000.00', '5081055.00', '2'),
('21', '8', '14396250.00', '4798750.00', '460680000.00', '446283750.00', '3'),
('22', '8', '0.00', '0.00', '34559846.00', '34559846.00', '4'),
('23', '9', '21842795.00', '2279709.00', '122150000.00', '100307205.00', '1'),
('24', '9', '1081858.00', '112912.00', '6050000.00', '4968142.00', '2'),
('25', '9', '19195000.00', '4798750.00', '460680000.00', '441485000.00', '3'),
('26', '9', '0.00', '0.00', '34559846.00', '34559846.00', '4'),
('27', '10', '24122504.00', '2279709.00', '122150000.00', '98027496.00', '1'),
('28', '10', '1194770.00', '112912.00', '6050000.00', '4855230.00', '2'),
('29', '10', '23993750.00', '4798750.00', '460680000.00', '436686250.00', '3'),
('30', '10', '0.00', '0.00', '34559846.00', '34559846.00', '4'),
('31', '11', '26402214.00', '2279709.00', '122150000.00', '95747786.00', '1'),
('32', '11', '1307682.00', '112912.00', '6050000.00', '4742318.00', '2'),
('33', '11', '28792500.00', '4798750.00', '460680000.00', '431887500.00', '3'),
('34', '11', '0.00', '0.00', '34559846.00', '34559846.00', '4'),
('35', '12', '28681923.00', '2279709.00', '122150000.00', '93468077.00', '1'),
('36', '12', '1420595.00', '112912.00', '6050000.00', '4629405.00', '2'),
('37', '12', '33591250.00', '4798750.00', '460680000.00', '427088750.00', '3'),
('38', '12', '0.00', '0.00', '34559846.00', '34559846.00', '4'),
('39', '13', '30961632.00', '2279709.00', '122150000.00', '91188368.00', '1'),
('40', '13', '1533507.00', '112912.00', '6050000.00', '4516493.00', '2'),
('41', '13', '38390000.00', '4798750.00', '460680000.00', '422290000.00', '3'),
('42', '13', '0.00', '0.00', '34559846.00', '34559846.00', '4'),
('43', '14', '33241341.00', '2279709.00', '122150000.00', '88908659.00', '1'),
('44', '14', '1646419.00', '112912.00', '6050000.00', '4403581.00', '2'),
('45', '14', '43188750.00', '4798750.00', '460680000.00', '417491250.00', '3'),
('46', '14', '0.00', '0.00', '34559846.00', '34559846.00', '4'),
('47', '14', '1083333.00', '1083333.00', '26000000.00', '24916667.00', '5'),
('48', '15', '35521050.00', '2279709.00', '122150000.00', '86628950.00', '1'),
('49', '15', '1759332.00', '112912.00', '6050000.00', '4290668.00', '2'),
('50', '15', '47987500.00', '4798750.00', '460680000.00', '412692500.00', '3'),
('51', '15', '0.00', '0.00', '34559846.00', '34559846.00', '4'),
('52', '15', '2166667.00', '1083333.00', '26000000.00', '23833333.00', '5'),
('53', '16', '37800760.00', '2279709.00', '122150000.00', '84349240.00', '1'),
('54', '16', '1872244.00', '112912.00', '6050000.00', '4177756.00', '2'),
('55', '16', '52786250.00', '4798750.00', '460680000.00', '407893750.00', '3'),
('56', '16', '0.00', '0.00', '34559846.00', '34559846.00', '4'),
('57', '16', '3250000.00', '1083333.00', '26000000.00', '22750000.00', '5'),
('58', '17', '40080469.00', '2279709.00', '122150000.00', '82069531.00', '1'),
('59', '17', '1985156.00', '112912.00', '6050000.00', '4064844.00', '2'),
('60', '17', '57585000.00', '4798750.00', '460680000.00', '403095000.00', '3'),
('61', '17', '0.00', '0.00', '34559846.00', '34559846.00', '4'),
('62', '17', '4333333.00', '1083333.00', '26000000.00', '21666667.00', '5'),
('63', '18', '41790251.00', '1709782.00', '122150000.00', '80359749.00', '1'),
('64', '18', '2069840.00', '84684.00', '6050000.00', '3980160.00', '2'),
('65', '18', '61783906.00', '4198906.00', '460680000.00', '398896094.00', '3'),
('66', '18', '0.00', '0.00', '34559846.00', '34559846.00', '4'),
('67', '18', '5236111.00', '902778.00', '26000000.00', '20763889.00', '5'),
('68', '18', '0.00', '0.00', '129550.00', '129550.00', '6'),
('69', '18', '118533.00', '118533.00', '28448000.00', '28329467.00', '7'),
('70', '19', '43500033.00', '1709782.00', '122150000.00', '78649967.00', '1'),
('71', '19', '2154525.00', '84684.00', '6050000.00', '3895475.00', '2'),
('72', '19', '65982813.00', '4198906.00', '460680000.00', '394697188.00', '3'),
('73', '19', '0.00', '0.00', '34559846.00', '34559846.00', '4'),
('74', '19', '6138889.00', '902778.00', '26000000.00', '19861111.00', '5'),
('75', '19', '0.00', '0.00', '129550.00', '129550.00', '6'),
('76', '19', '237067.00', '118533.00', '28448000.00', '28210933.00', '7'),
('77', '20', '45209814.00', '1709782.00', '122150000.00', '76940186.00', '1'),
('78', '20', '2239209.00', '84684.00', '6050000.00', '3810791.00', '2'),
('79', '20', '70181719.00', '4198906.00', '460680000.00', '390498281.00', '3'),
('80', '20', '0.00', '0.00', '34559846.00', '34559846.00', '4'),
('81', '20', '7041667.00', '902778.00', '26000000.00', '18958333.00', '5'),
('82', '20', '0.00', '0.00', '129550.00', '129550.00', '6'),
('83', '20', '355600.00', '118533.00', '28448000.00', '28092400.00', '7'),
('84', '21', '46919596.00', '1709782.00', '122150000.00', '75230404.00', '1'),
('85', '21', '2323893.00', '84684.00', '6050000.00', '3726107.00', '2'),
('86', '21', '74380625.00', '4198906.00', '460680000.00', '386299375.00', '3'),
('87', '21', '0.00', '0.00', '34559846.00', '34559846.00', '4'),
('88', '21', '7944444.00', '902778.00', '26000000.00', '18055556.00', '5'),
('89', '21', '0.00', '0.00', '129550.00', '129550.00', '6'),
('90', '21', '474133.00', '118533.00', '28448000.00', '27973867.00', '7'),
('91', '22', '48629378.00', '1709782.00', '122150000.00', '73520622.00', '1'),
('92', '22', '2408577.00', '84684.00', '6050000.00', '3641423.00', '2'),
('93', '22', '78579531.00', '4198906.00', '460680000.00', '382100469.00', '3'),
('94', '22', '0.00', '0.00', '34559846.00', '34559846.00', '4'),
('95', '22', '8847222.00', '902778.00', '26000000.00', '17152778.00', '5'),
('96', '22', '0.00', '0.00', '129550.00', '129550.00', '6'),
('97', '22', '592667.00', '118533.00', '28448000.00', '27855333.00', '7'),
('98', '23', '50339160.00', '1709782.00', '122150000.00', '71810840.00', '1'),
('99', '23', '2493262.00', '84684.00', '6050000.00', '3556738.00', '2'),
('100', '23', '82778438.00', '4198906.00', '460680000.00', '377901563.00', '3'),
('101', '23', '0.00', '0.00', '34559846.00', '34559846.00', '4'),
('102', '23', '9750000.00', '902778.00', '26000000.00', '16250000.00', '5'),
('103', '23', '0.00', '0.00', '129550.00', '129550.00', '6'),
('104', '23', '711200.00', '118533.00', '28448000.00', '27736800.00', '7'),
('105', '23', '218821.00', '218821.00', '52517000.00', '52298179.00', '8'),
('106', '24', '52048942.00', '1709782.00', '122150000.00', '70101058.00', '1'),
('107', '24', '2577946.00', '84684.00', '6050000.00', '3472054.00', '2'),
('108', '24', '86977344.00', '4198906.00', '460680000.00', '373702656.00', '3'),
('109', '24', '0.00', '0.00', '34559846.00', '34559846.00', '4'),
('110', '24', '10652778.00', '902778.00', '26000000.00', '15347222.00', '5'),
('111', '24', '0.00', '0.00', '129550.00', '129550.00', '6'),
('112', '24', '829733.00', '118533.00', '28448000.00', '27618267.00', '7'),
('113', '24', '437642.00', '218821.00', '52517000.00', '52079358.00', '8'),
('114', '25', '53758724.00', '1709782.00', '122150000.00', '68391276.00', '1'),
('115', '25', '2662630.00', '84684.00', '6050000.00', '3387370.00', '2'),
('116', '25', '91176250.00', '4198906.00', '460680000.00', '369503750.00', '3'),
('117', '25', '0.00', '0.00', '34559846.00', '34559846.00', '4'),
('118', '25', '11555556.00', '902778.00', '26000000.00', '14444444.00', '5'),
('119', '25', '0.00', '0.00', '129550.00', '129550.00', '6'),
('120', '25', '948267.00', '118533.00', '28448000.00', '27499733.00', '7'),
('121', '25', '656463.00', '218821.00', '52517000.00', '51860538.00', '8'),
('122', '26', '55468506.00', '1709782.00', '122150000.00', '66681494.00', '1'),
('123', '26', '2747314.00', '84684.00', '6050000.00', '3302686.00', '2'),
('124', '26', '95375156.00', '4198906.00', '460680000.00', '365304844.00', '3'),
('125', '26', '0.00', '0.00', '34559846.00', '34559846.00', '4'),
('126', '26', '12458333.00', '902778.00', '26000000.00', '13541667.00', '5'),
('127', '26', '0.00', '0.00', '129550.00', '129550.00', '6'),
('128', '26', '1066800.00', '118533.00', '28448000.00', '27381200.00', '7'),
('129', '26', '875283.00', '218821.00', '52517000.00', '51641717.00', '8'),
('130', '27', '57178288.00', '1709782.00', '122150000.00', '64971712.00', '1'),
('131', '27', '2831999.00', '84684.00', '6050000.00', '3218001.00', '2'),
('132', '27', '99574063.00', '4198906.00', '460680000.00', '361105938.00', '3'),
('133', '27', '0.00', '0.00', '34559846.00', '34559846.00', '4'),
('134', '27', '13361111.00', '902778.00', '26000000.00', '12638889.00', '5'),
('135', '27', '0.00', '0.00', '129550.00', '129550.00', '6'),
('136', '27', '1185333.00', '118533.00', '28448000.00', '27262667.00', '7'),
('137', '27', '1094104.00', '218821.00', '52517000.00', '51422896.00', '8'),
('138', '28', '58888070.00', '1709782.00', '122150000.00', '63261930.00', '1'),
('139', '28', '2916683.00', '84684.00', '6050000.00', '3133317.00', '2'),
('140', '28', '103772969.00', '4198906.00', '460680000.00', '356907031.00', '3'),
('141', '28', '0.00', '0.00', '34559846.00', '34559846.00', '4'),
('142', '28', '14263889.00', '902778.00', '26000000.00', '11736111.00', '5'),
('143', '28', '0.00', '0.00', '129550.00', '129550.00', '6'),
('144', '28', '1303867.00', '118533.00', '28448000.00', '27144133.00', '7'),
('145', '28', '1312925.00', '218821.00', '52517000.00', '51204075.00', '8'),
('146', '29', '60597852.00', '1709782.00', '122150000.00', '61552148.00', '1'),
('147', '29', '3001367.00', '84684.00', '6050000.00', '3048633.00', '2'),
('148', '29', '107971875.00', '4198906.00', '460680000.00', '352708125.00', '3'),
('149', '29', '0.00', '0.00', '34559846.00', '34559846.00', '4'),
('150', '29', '15166667.00', '902778.00', '26000000.00', '10833333.00', '5'),
('151', '29', '0.00', '0.00', '129550.00', '129550.00', '6'),
('152', '29', '1422400.00', '118533.00', '28448000.00', '27025600.00', '7'),
('153', '29', '1531746.00', '218821.00', '52517000.00', '50985254.00', '8'),
('154', '30', '61880188.00', '1282336.00', '122150000.00', '60269812.00', '1'),
('155', '30', '3064880.00', '63513.00', '6050000.00', '2985120.00', '2'),
('156', '30', '111645918.00', '3674043.00', '460680000.00', '349034082.00', '3'),
('157', '30', '0.00', '0.00', '34559846.00', '34559846.00', '4'),
('158', '30', '15618056.00', '451389.00', '26000000.00', '10381944.00', '5'),
('159', '30', '0.00', '0.00', '129550.00', '129550.00', '6'),
('160', '30', '1540933.00', '118533.00', '28448000.00', '26907067.00', '7'),
('161', '30', '1750567.00', '218821.00', '52517000.00', '50766433.00', '8'),
('162', '31', '63162524.00', '1282336.00', '122150000.00', '58987476.00', '1'),
('163', '31', '3128394.00', '63513.00', '6050000.00', '2921606.00', '2'),
('164', '31', '115319961.00', '3674043.00', '460680000.00', '345360039.00', '3'),
('165', '31', '0.00', '0.00', '34559846.00', '34559846.00', '4'),
('166', '31', '16069444.00', '451389.00', '26000000.00', '9930556.00', '5'),
('167', '31', '0.00', '0.00', '129550.00', '129550.00', '6'),
('168', '31', '1659467.00', '118533.00', '28448000.00', '26788533.00', '7'),
('169', '31', '1969388.00', '218821.00', '52517000.00', '50547613.00', '8'),
('170', '32', '64444861.00', '1282336.00', '122150000.00', '57705139.00', '1'),
('171', '32', '3191907.00', '63513.00', '6050000.00', '2858093.00', '2'),
('172', '32', '118994004.00', '3674043.00', '460680000.00', '341685996.00', '3'),
('173', '32', '0.00', '0.00', '34559846.00', '34559846.00', '4'),
('174', '32', '16520833.00', '451389.00', '26000000.00', '9479167.00', '5'),
('175', '32', '0.00', '0.00', '129550.00', '129550.00', '6'),
('176', '32', '1778000.00', '118533.00', '28448000.00', '26670000.00', '7'),
('177', '32', '2188208.00', '218821.00', '52517000.00', '50328792.00', '8'),
('178', '33', '65727197.00', '1282336.00', '122150000.00', '56422803.00', '1'),
('179', '33', '3255420.00', '63513.00', '6050000.00', '2794580.00', '2'),
('180', '33', '122668047.00', '3674043.00', '460680000.00', '338011953.00', '3'),
('181', '33', '0.00', '0.00', '34559846.00', '34559846.00', '4'),
('182', '33', '16972222.00', '451389.00', '26000000.00', '9027778.00', '5'),
('183', '33', '0.00', '0.00', '129550.00', '129550.00', '6'),
('184', '33', '1896533.00', '118533.00', '28448000.00', '26551467.00', '7'),
('185', '33', '2407029.00', '218821.00', '52517000.00', '50109971.00', '8'),
('186', '34', '67009534.00', '1282336.00', '122150000.00', '55140466.00', '1'),
('187', '34', '3318933.00', '63513.00', '6050000.00', '2731067.00', '2'),
('188', '34', '126342090.00', '3674043.00', '460680000.00', '334337910.00', '3'),
('189', '34', '0.00', '0.00', '34559846.00', '34559846.00', '4'),
('190', '34', '17423611.00', '451389.00', '26000000.00', '8576389.00', '5'),
('191', '34', '0.00', '0.00', '129550.00', '129550.00', '6'),
('192', '34', '2015067.00', '118533.00', '28448000.00', '26432933.00', '7'),
('193', '34', '2625850.00', '218821.00', '52517000.00', '49891150.00', '8'),
('194', '35', '68291870.00', '1282336.00', '122150000.00', '53858130.00', '1'),
('195', '35', '3382446.00', '63513.00', '6050000.00', '2667554.00', '2'),
('196', '35', '130016133.00', '3674043.00', '460680000.00', '330663867.00', '3'),
('197', '35', '0.00', '0.00', '34559846.00', '34559846.00', '4'),
('198', '35', '17875000.00', '451389.00', '26000000.00', '8125000.00', '5'),
('199', '35', '0.00', '0.00', '129550.00', '129550.00', '6'),
('200', '35', '2133600.00', '118533.00', '28448000.00', '26314400.00', '7'),
('201', '35', '2844671.00', '218821.00', '52517000.00', '49672329.00', '8');

INSERT INTO `asset_golongan` (`id`, `nama`, `tahun_penyusutan`, `tarif`, `nilai`) VALUES ('1', 'Golongan 1', '0 - 4 tahun', '50.0', 'NB'),
('2', 'Golongan 2', '5 - 8 tahun', '25.0', 'NB'),
('3', 'Golongan 3', '> 8 tahun', '12.5', 'NB'),
('4', 'Bangunan', '20 tahun', '5.0', 'NP'),
('5', 'Tanah', '-', '0.0', 'NB');

INSERT INTO `assetgrp` (`id`, `assetgrp_name`, `assetgrp_desc`, `assetgrp_isactive`, `assetgrp_depre`, `assetgrp_tarif`, `assetgrp_nilai`) VALUES ('4', 'Tanah', 'Asset Group Tanah', '1', '0', '0', 'NB'),
('5', 'Bangunan Sumber', 'Asset Group Bangunan Sumber', '1', '1', '5', 'NP'),
('6', 'Mesin Pompa', 'Asset Group Mesin Pompa', '1', '1', '12.5', 'NB'),
('7', 'Kendaraan Penumpang', 'Asset Group Kendaraan Penumpang', '1', '1', '25', 'NB'),
('8', 'Kendaraan Roda 2', 'Asset Group Kendaraan Roda 2', '1', '1', '50', 'NB');

INSERT INTO `assetgrp_act` (`id`, `fk_assetgrp_id`, `fk_kodeper_aset`, `fk_kodeper_biaya`, `fk_kodeper_akum`, `fk_kodeper_hapus`) VALUES ('13', '4', '89', NULL, NULL, NULL),
('14', '5', '91', '316', '127', NULL),
('15', '6', '98', '322', '133', NULL),
('16', '7', '116', '440', '146', NULL),
('17', '8', '119', '443', '149', NULL);




/*!40103 SET TIME_ZONE=@OLD_TIME_ZONE */;
/*!40101 SET SQL_MODE=@OLD_SQL_MODE */;
/*!40014 SET FOREIGN_KEY_CHECKS=@OLD_FOREIGN_KEY_CHECKS */;
/*!40014 SET UNIQUE_CHECKS=@OLD_UNIQUE_CHECKS */;
/*!40101 SET CHARACTER_SET_CLIENT=@OLD_CHARACTER_SET_CLIENT */;
/*!40101 SET CHARACTER_SET_RESULTS=@OLD_CHARACTER_SET_RESULTS */;
/*!40101 SET COLLATION_CONNECTION=@OLD_COLLATION_CONNECTION */;
/*!40111 SET SQL_NOTES=@OLD_SQL_NOTES */;